course_id,course_name,program_id,instructor_id,schedule_day,schedule_time,room_name,credits
1,Multi-channeled global paradigm,3,19,Monday,10:00-13:00,Room B277,2
2,Exclusive bandwidth-monitored matrices,4,18,Friday,9:00-10:00,Room A239,3
3,Fundamental reciprocal secured line,3,13,Friday,16:00-9:00,Room B238,2
4,Robust real-time neural-net,5,8,Thursday,14:00-11:00,Room C207,3
5,Multi-layered demand-driven support,2,13,Wednesday,10:00-11:00,Room B291,4
6,Synchronized homogeneous capability,2,16,Friday,14:00-15:00,Room A286,3
7,Streamlined reciprocal implementation,1,3,Friday,15:00-16:00,Room C149,4
8,Total upward-trending database,5,10,Wednesday,9:00-17:00,Room A270,4
9,Visionary demand-driven application,3,1,Tuesday,16:00-9:00,Room B137,3
10,Versatile even-keeled open system,2,12,Wednesday,12:00-10:00,Room B133,3
11,Managed disintermediate standardization,4,10,Wednesday,16:00-12:00,Room C188,3
12,Distributed uniform flexibility,2,8,Wednesday,16:00-13:00,Room B123,3
13,Operative upward-trending attitude,2,18,Friday,10:00-13:00,Room C193,4
14,Organized transitional moderator,5,3,Thursday,9:00-12:00,Room C101,2
15,Expanded global access,5,5,Tuesday,15:00-10:00,Room B139,4
16,Enhanced discrete hub,3,16,Monday,16:00-11:00,Room A197,2
17,Public-key bottom-line access,4,7,Monday,14:00-17:00,Room C288,3
18,Mandatory directional capability,3,20,Thursday,15:00-12:00,Room B279,4
19,Grass-roots actuating strategy,4,20,Tuesday,15:00-14:00,Room C109,4
20,Organized exuding middleware,1,13,Wednesday,16:00-15:00,Room A203,2
21,Persevering holistic open system,3,5,Thursday,11:00-10:00,Room B236,3
22,Adaptive zero-defect database,3,12,Friday,12:00-15:00,Room C107,4
23,Up-sized non-volatile open architecture,3,7,Friday,11:00-12:00,Room A133,2
24,Networked well-modulated ability,1,10,Friday,15:00-16:00,Room A282,2
25,Exclusive bottom-line moderator,1,16,Friday,14:00-16:00,Room A172,2
26,Right-sized directional benchmark,2,20,Tuesday,16:00-16:00,Room A235,3
27,Face-to-face disintermediate standardization,4,12,Monday,14:00-10:00,Room C275,3
28,Organized dedicated focus group,1,16,Tuesday,14:00-14:00,Room A194,3
29,Inverse value-added alliance,3,7,Tuesday,11:00-15:00,Room A291,2
30,Multi-lateral secondary capability,4,3,Friday,10:00-16:00,Room B140,3
31,Profound foreground budgetary management,5,19,Friday,12:00-10:00,Room C170,3
32,Assimilated directional open architecture,3,8,Thursday,14:00-14:00,Room A207,4
33,Open-source holistic methodology,1,15,Friday,14:00-11:00,Room A138,3
34,Persevering upward-trending Internet solution,2,4,Friday,10:00-12:00,Room A129,2
35,Profound zero administration conglomeration,3,16,Monday,14:00-15:00,Room C172,4
36,Reduced zero administration analyzer,1,17,Monday,12:00-16:00,Room A202,2
37,Digitized needs-based data-warehouse,2,20,Friday,12:00-15:00,Room C142,3
38,Phased system-worthy throughput,4,11,Tuesday,12:00-10:00,Room C143,4
39,Front-line 4thgeneration projection,1,9,Thursday,12:00-10:00,Room A182,4
40,Mandatory coherent approach,2,8,Friday,10:00-15:00,Room B221,2
41,Right-sized grid-enabled instruction set,5,6,Tuesday,11:00-16:00,Room C163,3
42,Phased national archive,4,9,Friday,13:00-11:00,Room B275,4
43,Public-key tangible core,2,3,Tuesday,12:00-13:00,Room C287,4
44,Multi-layered zero-defect orchestration,4,13,Thursday,8:00-14:00,Room A298,3
45,Compatible human-resource paradigm,5,19,Wednesday,9:00-9:00,Room C146,2
46,Pre-emptive heuristic leverage,1,3,Wednesday,14:00-10:00,Room C208,3
47,Profound multi-state hierarchy,1,15,Thursday,9:00-10:00,Room B138,3
48,Customizable responsive application,1,18,Friday,10:00-14:00,Room B277,4
49,Persistent 3rdgeneration migration,2,6,Thursday,13:00-16:00,Room C181,4
50,Reduced intermediate migration,2,2,Friday,12:00-17:00,Room C285,2
